bench_version;stage;part;image;alg;direction;threads;pool;fps;spread_pct;runs;cores;cores_process;cores_region;cpu_region_s;handover_pct;frames;frames_n;frames_2n;j_per_frame;j_per_frame_net;idle_w;energy_j;power_avg_w;power_max_w;uprof_span_s;uprof_samples;calib_q;calib_size;calib_target;calib_miss;lossless_exact;pool_refused;size_kb;ratio;sdk;psnr_db;peak_mb;build;build_avx2_file;wall_s;cpu_s;note;cmd
opj-run-05 от 14.09.2026;check;;2k;irrev;;;;;;;3.7358323352458473;;;;;;;;;;;;;;;;10.3403;601599;601703;-0.0173;;;;;OpenJPEG-2.5.4;40.56;113.0;plain;no;1.1627261638641357;4.34375;;D:\_Test\opj\builds\plain\opj_bench.exe -i D:\_Test\fvSDK-0.23.1.0-Win64-CUDA-13.3-Trial-Exp-2027-08-03\bin\x64\Release\2k_wild.ppm -a irrev -c 32 -l 6 -verify -info -o C:\Users\Admin\AppData\Local\Temp\opj-refs-a_816ldf\opj_ref_2k_irrev.jp2 -opjthreads 8 -targetsize 601703 -tol 0.0003
opj-run-05 от 14.09.2026;check;;2k;rev;;;;;;;2.2999929809784514;;;;;;;;;;;;;;;;;;;;True;;;;OpenJPEG-2.5.4;;117.0;plain;no;0.434783935546875;1.0;;D:\_Test\opj\builds\plain\opj_bench.exe -i D:\_Test\fvSDK-0.23.1.0-Win64-CUDA-13.3-Trial-Exp-2027-08-03\bin\x64\Release\2k_wild.ppm -a rev -c 32 -l 6 -verify -info -o C:\Users\Admin\AppData\Local\Temp\opj-refs-a_816ldf\opj_ref_2k_rev.jp2 -opjthreads 8
opj-run-05 от 14.09.2026;check;;4k;irrev;;;;;;;3.436538895815058;;;;;;;;;;;;;;;;19.5105;1275289;1275547;-0.0202;;;;;OpenJPEG-2.5.4;42.24;420.0;plain;no;3.337296724319458;11.46875;;D:\_Test\opj\builds\plain\opj_bench.exe -i D:\_Test\fvSDK-0.23.1.0-Win64-CUDA-13.3-Trial-Exp-2027-08-03\bin\x64\Release\4k_wild.ppm -a irrev -c 32 -l 6 -verify -info -o C:\Users\Admin\AppData\Local\Temp\opj-refs-a_816ldf\opj_ref_4k_irrev.jp2 -opjthreads 8 -targetsize 1275547 -tol 0.0003
opj-run-05 от 14.09.2026;check;;4k;rev;;;;;;;2.373446148480442;;;;;;;;;;;;;;;;;;;;True;;;;OpenJPEG-2.5.4;;436.0;plain;no;1.3890666961669922;3.296875;;D:\_Test\opj\builds\plain\opj_bench.exe -i D:\_Test\fvSDK-0.23.1.0-Win64-CUDA-13.3-Trial-Exp-2027-08-03\bin\x64\Release\4k_wild.ppm -a rev -c 32 -l 6 -verify -info -o C:\Users\Admin\AppData\Local\Temp\opj-refs-a_816ldf\opj_ref_4k_rev.jp2 -opjthreads 8
opj-run-05 от 14.09.2026;ref;start;2k;irrev;E;32;1;75.3;16.05839416058394;5;27.88;;;;;;;;;;;;;;;;;;;;;;;;;;;plain;;;;;
opj-run-05 от 14.09.2026;grid;;2k;irrev;E;1;1;4.0;0.0;3;1.0;0.9990436424079733;;;1.1;32;;;;;;;;;;;;;;;;;;;;;111.0;plain;;;;;
opj-run-05 от 14.09.2026;grid;;2k;irrev;E;2;1;7.9;2.5641025641025665;3;1.99;1.9848991656094697;;;1.1;64;;;;;;;;;;;;;;;;;;;;;194.0;plain;;;;;
opj-run-05 от 14.09.2026;grid;;2k;irrev;E;1;2;6.7;0.0;3;1.8;1.7941608954338062;;;1.9;53;;;;;;;;;;;;;;;;;;;;;111.0;plain;;;;;
opj-run-05 от 14.09.2026;grid;;2k;irrev;E;4;1;15.8;0.6369426751592447;3;3.93;3.9177665318261643;;;1.1;126;;;;;;;;;;;;;;;;;;;;;363.0;plain;;;;;
opj-run-05 от 14.09.2026;grid;;2k;irrev;E;2;2;13.3;0.7518796992481176;3;3.58;3.563118187000696;;;1.9;107;;;;;;;;;;;;;;;;;;;;;198.0;plain;;;;;
opj-run-05 от 14.09.2026;grid;;2k;irrev;E;1;4;11.1;0.0;3;2.96;2.9557293392168598;;;3.2;88;;;;;;;;;;;;;;;;;;;;;115.0;plain;;;;;
opj-run-05 от 14.09.2026;grid;;2k;irrev;E;8;1;30.4;0.9900990099009923;3;7.84;7.794606590521749;;;1.2;243;;;;;;;;;;;;;;;;;;;;;694.0;plain;;;;;
opj-run-05 от 14.09.2026;grid;;2k;irrev;E;4;2;26.4;1.145038167938934;3;7.39;7.354308366596567;;;1.9;209;;;;;;;;;;;;;;;;;;;;;368.0;plain;;;;;
opj-run-05 от 14.09.2026;grid;;2k;irrev;E;2;4;22.0;0.913242009132433;3;6.04;6.021518181838849;;;3.0;175;;;;;;;;;;;;;;;;;;;;;204.0;plain;;;;;
opj-run-05 от 14.09.2026;grid;;2k;irrev;E;16;1;56.3;1.4414414414414363;3;15.4;15.087438309035129;;;1.3;450;;;;;;;;;;;;;;;;;;;;;1363.0;plain;;;;;
opj-run-05 от 14.09.2026;grid;;2k;irrev;E;8;2;46.9;3.0634573304157517;3;14.64;14.472898562435434;;;2.0;376;;;;;;;;;;;;;;;;;;;;;713.0;plain;;;;;
opj-run-05 от 14.09.2026;grid;;2k;irrev;E;4;4;42.2;0.7125890736341975;3;12.33;12.245147751626101;;;3.1;337;;;;;;;;;;;;;;;;;;;;;380.0;plain;;;;;
opj-run-05 от 14.09.2026;grid;;2k;irrev;E;32;1;76.8;0.9138381201044423;3;28.74;27.009773227683542;;;1.4;614;;;;;;;;;;;;;;;;;;;;;2695.0;plain;;;;;
opj-run-05 от 14.09.2026;grid;;2k;irrev;E;16;2;67.9;2.552552552552557;3;27.48;26.7716672961736;;;2.1;546;;;;;;;;;;;;;;;;;;;;;1392.0;plain;;;;;
opj-run-05 от 14.09.2026;grid;;2k;irrev;E;8;4;63.3;0.9538950715421327;3;23.19;22.91317976561291;;;3.4;503;;;;;;;;;;;;;;;;;;;;;758.0;plain;;;;;
opj-run-05 от 14.09.2026;grid;;2k;irrev;E;48;1;74.9;3.1123139377537172;3;28.7;26.479734827758705;;;1.5;599;;;;;;;;;;;;;;;;;;;;;4136.0;plain;;;;;
opj-run-05 от 14.09.2026;grid;;2k;irrev;E;24;2;70.1;2.1551724137931036;3;29.12;27.984130908552856;;;2.2;556;;;;;;;;;;;;;;;;;;;;;2076.0;plain;;;;;
opj-run-05 от 14.09.2026;grid;;2k;irrev;E;12;4;73.1;1.236263736263744;3;29.01;28.318527588979343;;;3.3;589;;;;;;;;;;;;;;;;;;;;;1069.0;plain;;;;;
opj-run-05 от 14.09.2026;grid;;2k;irrev;E;64;1;70.2;1.582733812949632;3;27.15;24.623550064362384;;;1.6;556;;;;;;;;;;;;;;;;;;;;;5394.0;plain;;;;;
opj-run-05 от 14.09.2026;grid;;2k;irrev;E;32;2;65.8;4.806201550387588;3;28.36;26.942284867384565;;;2.1;526;;;;;;;;;;;;;;;;;;;;;2738.0;plain;;;;;
opj-run-05 от 14.09.2026;grid;;2k;irrev;E;16;4;70.8;1.28205128205127;3;29.07;28.143066105402802;;;3.1;561;;;;;;;;;;;;;;;;;;;;;1452.0;plain;;;;;
opj-run-05 от 14.09.2026;grid;;2k;irrev;D;1;1;12.8;1.5873015873015959;3;1.0;1.0002667437055033;;;;102;;;;;;;;;;;;;;;;;;;;;34.0;plain;;;;;
opj-run-05 от 14.09.2026;grid;;2k;irrev;D;2;1;24.8;0.40322580645160433;3;2.0;1.985022850351019;;;;199;;;;;;;;;;;;;;;;;;;;;62.0;plain;;;;;
opj-run-05 от 14.09.2026;grid;;2k;irrev;D;4;1;47.3;0.0;3;3.98;3.9466977773421865;;;;378;;;;;;;;;;;;;;;;;;;;;117.0;plain;;;;;
opj-run-05 от 14.09.2026;grid;;2k;irrev;D;8;1;88.8;1.251422070534692;3;7.94;7.862073296936676;;;;710;;;;;;;;;;;;;;;;;;;;;229.0;plain;;;;;
opj-run-05 от 14.09.2026;grid;;2k;irrev;D;16;1;134.3;12.619047619047624;5;15.82;15.645093483170115;;;;1135;;;;;;;;;;;;;;;;;;;;;452.0;plain;;;;;
opj-run-05 от 14.09.2026;grid;;2k;irrev;D;32;1;145.0;3.3449477351916452;3;31.05;30.704560366250462;;;;1186;;;;;;;;;;;;;;;;;;;;;897.0;plain;;;;;
opj-run-05 от 14.09.2026;grid;;2k;irrev;D;16;2;124.6;4.8859934853420315;3;27.44;27.25010545178209;;;;982;;;;;;;;;;;;;;;;;;;;;455.0;plain;;;;;
opj-run-05 от 14.09.2026;grid;;2k;irrev;D;8;4;106.5;0.3759398496240521;3;21.64;21.537861944803822;;;;852;;;;;;;;;;;;;;;;;;;;;242.0;plain;;;;;
opj-run-05 от 14.09.2026;grid;;2k;irrev;D;48;1;149.3;1.6326530612244938;3;31.37;31.01980148427677;;;;1176;;;;;;;;;;;;;;;;;;;;;1179.0;plain;;;;;
opj-run-05 от 14.09.2026;grid;;2k;irrev;D;64;1;145.5;0.9648518263266752;3;31.38;30.97769134268853;;;;1164;;;;;;;;;;;;;;;;;;;;;1574.0;plain;;;;;
opj-run-05 от 14.09.2026;grid;;2k;rev;E;1;1;3.1;0.0;3;1.0;0.9988786940294847;;;0.8;24;;;;;;;;;;;;;;;;;;;;;116.0;plain;;;;;
opj-run-05 от 14.09.2026;grid;;2k;rev;E;2;1;6.1;0.0;3;1.99;1.9894409579951582;;;0.9;48;;;;;;;;;;;;;;;;;;;;;204.0;plain;;;;;
opj-run-05 от 14.09.2026;grid;;2k;rev;E;1;2;5.6;0.0;3;1.9;1.9006361760305879;;;1.6;44;;;;;;;;;;;;;;;;;;;;;116.0;plain;;;;;
opj-run-05 от 14.09.2026;grid;;2k;rev;E;4;1;12.0;2.542372881355923;3;3.91;3.8982241386902245;;;0.9;96;;;;;;;;;;;;;;;;;;;;;379.0;plain;;;;;
opj-run-05 от 14.09.2026;grid;;2k;rev;E;2;2;11.0;0.909090909090906;3;3.81;3.7935429819574518;;;1.5;88;;;;;;;;;;;;;;;;;;;;;204.0;plain;;;;;
opj-run-05 от 14.09.2026;grid;;2k;rev;E;1;4;9.9;0.0;3;3.39;3.3814958749589765;;;2.8;79;;;;;;;;;;;;;;;;;;;;;119.0;plain;;;;;
opj-run-05 от 14.09.2026;grid;;2k;rev;E;8;1;23.3;1.2931034482758652;3;7.77;7.7136079178755645;;;0.9;186;;;;;;;;;;;;;;;;;;;;;722.0;plain;;;;;
opj-run-05 от 14.09.2026;grid;;2k;rev;E;4;2;21.6;0.46296296296295303;3;7.74;7.708630139429089;;;1.6;173;;;;;;;;;;;;;;;;;;;;;384.0;plain;;;;;
opj-run-05 от 14.09.2026;grid;;2k;rev;E;2;4;19.6;0.5102040816326422;3;7.02;7.0002030778275754;;;2.8;156;;;;;;;;;;;;;;;;;;;;;210.0;plain;;;;;
opj-run-05 от 14.09.2026;grid;;2k;rev;E;16;1;43.6;1.8518518518518452;3;15.43;15.08927071948922;;;1.0;348;;;;;;;;;;;;;;;;;;;;;1434.0;plain;;;;;
opj-run-05 от 14.09.2026;grid;;2k;rev;E;8;2;39.2;0.5115089514066388;3;15.5;15.339863846391035;;;1.7;314;;;;;;;;;;;;;;;;;;;;;729.0;plain;;;;;
opj-run-05 от 14.09.2026;grid;;2k;rev;E;4;4;37.8;1.3404825737265416;3;14.33;14.241413252404078;;;2.8;302;;;;;;;;;;;;;;;;;;;;;390.0;plain;;;;;
opj-run-05 от 14.09.2026;grid;;2k;rev;E;32;1;63.3;2.750809061488678;3;28.75;27.208636366127116;;;1.1;494;;;;;;;;;;;;;;;;;;;;;2776.0;plain;;;;;
opj-run-05 от 14.09.2026;grid;;2k;rev;E;16;2;58.3;2.0618556701030855;3;28.94;28.201429269965743;;;1.7;475;;;;;;;;;;;;;;;;;;;;;1417.0;plain;;;;;
opj-run-05 от 14.09.2026;grid;;2k;rev;E;8;4;58.9;2.0797227036395074;3;27.63;27.28031354319633;;;2.8;471;;;;;;;;;;;;;;;;;;;;;745.0;plain;;;;;
opj-run-05 от 14.09.2026;grid;;2k;rev;E;48;1;63.3;1.5974440894568689;3;29.08;26.893278217283726;;;1.1;500;;;;;;;;;;;;;;;;;;;;;4314.0;plain;;;;;
opj-run-05 от 14.09.2026;grid;;2k;rev;E;24;2;58.7;2.218430034129688;3;29.54;28.30339750053873;;;1.7;468;;;;;;;;;;;;;;;;;;;;;2114.0;plain;;;;;
opj-run-05 от 14.09.2026;grid;;2k;rev;E;12;4;60.5;4.522613065326626;3;29.87;29.037927324445064;;;2.9;499;;;;;;;;;;;;;;;;;;;;;1116.0;plain;;;;;
opj-run-05 от 14.09.2026;grid;;2k;rev;E;64;1;58.2;2.2569444444444398;3;27.59;24.936282987463898;;;1.1;460;;;;;;;;;;;;;;;;;;;;;5573.0;plain;;;;;
opj-run-05 от 14.09.2026;grid;;2k;rev;E;32;2;55.2;4.007285974499094;3;28.93;27.401638856080872;;;1.7;441;;;;;;;;;;;;;;;;;;;;;2826.0;plain;;;;;
opj-run-05 от 14.09.2026;grid;;2k;rev;E;16;4;56.8;2.8776978417266212;3;29.26;28.30999628282195;;;3.2;457;;;;;;;;;;;;;;;;;;;;;1502.0;plain;;;;;
opj-run-05 от 14.09.2026;grid;;2k;rev;D;1;1;3.6;0.0;3;1.0;0.999001547220719;;;;28;;;;;;;;;;;;;;;;;;;;;38.0;plain;;;;;
opj-run-05 от 14.09.2026;grid;;2k;rev;D;2;1;7.1;0.0;3;2.0;1.9616878800658806;;;;56;;;;;;;;;;;;;;;;;;;;;69.0;plain;;;;;
opj-run-05 от 14.09.2026;grid;;2k;rev;D;4;1;13.5;2.2222222222222276;3;3.92;3.8193568098801793;;;;110;;;;;;;;;;;;;;;;;;;;;131.0;plain;;;;;
opj-run-05 от 14.09.2026;grid;;2k;rev;D;8;1;26.6;0.0;3;7.85;7.6060136507712315;;;;212;;;;;;;;;;;;;;;;;;;;;253.0;plain;;;;;
opj-run-05 от 14.09.2026;grid;;2k;rev;D;16;1;50.7;0.19762845849802652;3;15.63;15.117241204885588;;;;404;;;;;;;;;;;;;;;;;;;;;498.0;plain;;;;;
opj-run-05 от 14.09.2026;grid;;2k;rev;D;32;1;76.9;1.7015706806282684;3;31.08;29.993906672198914;;;;621;;;;;;;;;;;;;;;;;;;;;988.0;plain;;;;;
opj-run-05 от 14.09.2026;grid;;2k;rev;D;16;2;66.3;3.196347031963462;3;29.75;29.200586659932682;;;;542;;;;;;;;;;;;;;;;;;;;;502.0;plain;;;;;
opj-run-05 от 14.09.2026;grid;;2k;rev;D;8;4;61.0;14.634146341463413;5;26.89;26.627370525417746;;;;526;;;;;;;;;;;;;;;;;;;;;265.0;plain;;;;;
opj-run-05 от 14.09.2026;grid;;2k;rev;D;48;1;80.1;0.7499999999999929;3;31.42;30.325578959554615;;;;644;;;;;;;;;;;;;;;;;;;;;1251.0;plain;;;;;
opj-run-05 от 14.09.2026;grid;;2k;rev;D;64;1;79.6;0.5037783375314754;3;31.37;30.275357608493874;;;;638;;;;;;;;;;;;;;;;;;;;;1708.0;plain;;;;;
opj-run-05 от 14.09.2026;grid;;4k;irrev;E;1;1;1.4;0.0;3;1.0;0.9988317963470005;;;1.4;11;;;;;;;;;;;;;;;;;;;;;418.0;plain;;;;;
opj-run-05 от 14.09.2026;grid;;4k;irrev;E;2;1;2.6;3.8461538461538494;3;1.98;1.968725518902131;;;1.5;20;;;;;;;;;;;;;;;;;;;;;739.0;plain;;;;;
opj-run-05 от 14.09.2026;grid;;4k;irrev;E;1;2;2.2;0.0;3;1.74;1.7455766899220206;;;2.3;17;;;;;;;;;;;;;;;;;;;;;419.0;plain;;;;;
opj-run-05 от 14.09.2026;grid;;4k;irrev;E;4;1;5.1;4.0816326530612095;3;3.83;3.810410435643441;;;1.5;40;;;;;;;;;;;;;;;;;;;;;1395.0;plain;;;;;
opj-run-05 от 14.09.2026;grid;;4k;irrev;E;2;2;4.1;0.0;3;3.39;3.3675915660169013;;;2.3;32;;;;;;;;;;;;;;;;;;;;;740.0;plain;;;;;
opj-run-05 от 14.09.2026;grid;;4k;irrev;E;1;4;3.4;0.0;3;2.7;2.6899096259793764;;;3.5;27;;;;;;;;;;;;;;;;;;;;;420.0;plain;;;;;
opj-run-05 от 14.09.2026;grid;;4k;irrev;E;8;1;8.2;13.513513513513512;5;7.22;7.122149128183026;;;1.7;66;;;;;;;;;;;;;;;;;;;;;2700.0;plain;;;;;
opj-run-05 от 14.09.2026;grid;;4k;irrev;E;4;2;8.1;3.750000000000009;3;6.98;6.866668439844247;;;2.4;64;;;;;;;;;;;;;;;;;;;;;1403.0;plain;;;;;
opj-run-05 от 14.09.2026;grid;;4k;irrev;E;2;4;6.4;3.124999999999989;3;5.43;5.386209632239204;;;3.4;51;;;;;;;;;;;;;;;;;;;;;752.0;plain;;;;;
opj-run-05 от 14.09.2026;grid;;4k;irrev;E;16;1;11.3;25.510204081632654;5;11.79;11.36333001984563;;;1.8;97;;;;;;;;;;;;;;;;;;;;;5307.0;plain;;;;;
opj-run-05 от 14.09.2026;grid;;4k;irrev;E;8;2;12.7;3.174603174603177;3;13.0;12.453689676970324;;;2.4;100;;;;;;;;;;;;;;;;;;;;;2707.0;plain;;;;;
opj-run-05 от 14.09.2026;grid;;4k;irrev;E;4;4;12.5;5.042016806722685;3;11.14;10.885047936176711;;;3.6;100;;;;;;;;;;;;;;;;;;;;;1410.0;plain;;;;;
opj-run-05 от 14.09.2026;grid;;4k;irrev;E;32;1;7.0;4.411764705882351;3;12.06;12.742380933981583;;;1.2;64;;;;;;;;;;;;;;;;;;;;;10370.0;plain;;;;;
opj-run-05 от 14.09.2026;grid;;4k;irrev;E;16;2;10.3;12.121212121212114;5;15.75;15.487596107382341;;;1.8;79;;;;;;;;;;;;;;;;;;;;;5384.0;plain;;;;;
opj-run-05 от 14.09.2026;grid;;4k;irrev;E;8;4;14.5;4.195804195804193;3;17.44;16.886878008500553;;;3.3;114;;;;;;;;;;;;;;;;;;;;;2728.0;plain;;;;;
opj-run-05 от 14.09.2026;grid;;4k;irrev;E;48;1;6.9;10.606060606060609;5;10.71;11.088772210616723;;;1.2;96;;;;;;;;;;;;;;;;;;;;;15545.0;plain;;;;;
opj-run-05 от 14.09.2026;grid;;4k;irrev;E;24;2;7.9;1.282051282051289;3;14.0;14.130565721906232;;;1.4;62;;;;;;;;;;;;;;;;;;;;;7858.0;plain;;;;;
opj-run-05 от 14.09.2026;grid;;4k;irrev;E;12;4;13.3;12.195121951219512;5;18.85;17.993817181666692;;;2.7;102;;;;;;;;;;;;;;;;;;;;;4118.0;plain;;;;;
opj-run-05 от 14.09.2026;grid;;4k;irrev;E;64;1;6.0;1.6949152542372818;3;9.5;9.789022930327164;;;1.1;128;;;;;;;;;;;;;;;;;;;;;20717.0;plain;;;;;
opj-run-05 от 14.09.2026;grid;;4k;irrev;E;32;2;6.6;3.030303030303033;3;12.75;13.462538420634129;;;1.3;64;;;;;;;;;;;;;;;;;;;;;10309.0;plain;;;;;
opj-run-05 от 14.09.2026;grid;;4k;irrev;E;16;4;10.2;5.05050505050505;3;15.71;15.531071310686523;;;2.0;79;;;;;;;;;;;;;;;;;;;;;5244.0;plain;;;;;
opj-run-05 от 14.09.2026;grid;;4k;irrev;D;1;1;4.4;0.0;3;0.99;0.9941051352627388;;;;35;;;;;;;;;;;;;;;;;;;;;113.0;plain;;;;;
opj-run-05 от 14.09.2026;grid;;4k;irrev;D;2;1;8.3;1.2048192771084292;3;1.98;1.947556579456511;;;;67;;;;;;;;;;;;;;;;;;;;;221.0;plain;;;;;
opj-run-05 от 14.09.2026;grid;;4k;irrev;D;4;1;15.3;1.3157894736842175;3;3.93;3.8374599655034345;;;;123;;;;;;;;;;;;;;;;;;;;;436.0;plain;;;;;
opj-run-05 от 14.09.2026;grid;;4k;irrev;D;8;1;24.7;0.816326530612242;3;7.85;7.654271452280995;;;;196;;;;;;;;;;;;;;;;;;;;;866.0;plain;;;;;
opj-run-05 от 14.09.2026;grid;;4k;irrev;D;16;1;29.3;2.0761245674740536;3;15.49;15.060661035780264;;;;236;;;;;;;;;;;;;;;;;;;;;1725.0;plain;;;;;
opj-run-05 от 14.09.2026;grid;;4k;irrev;D;32;1;30.1;2.3648648648648622;3;29.97;29.094531084692267;;;;242;;;;;;;;;;;;;;;;;;;;;3442.0;plain;;;;;
opj-run-05 от 14.09.2026;grid;;4k;irrev;D;16;2;28.4;1.0563380281690167;3;26.35;25.820506261512797;;;;227;;;;;;;;;;;;;;;;;;;;;1732.0;plain;;;;;
opj-run-05 от 14.09.2026;grid;;4k;irrev;D;8;4;25.0;1.2096774193548416;3;20.35;20.078503026621853;;;;200;;;;;;;;;;;;;;;;;;;;;877.0;plain;;;;;
opj-run-05 от 14.09.2026;grid;;4k;irrev;D;48;1;30.5;1.967213114754103;3;30.36;29.491192912116055;;;;248;;;;;;;;;;;;;;;;;;;;;5107.0;plain;;;;;
opj-run-05 от 14.09.2026;grid;;4k;irrev;D;64;1;30.1;0.33222591362125536;3;30.3;29.396603070130194;;;;240;;;;;;;;;;;;;;;;;;;;;6795.0;plain;;;;;
opj-run-05 от 14.09.2026;grid;;4k;rev;E;1;1;1.0;0.0;3;1.0;0.9997088431686899;;;1.0;8;;;;;;;;;;;;;;;;;;;;;436.0;plain;;;;;
opj-run-05 от 14.09.2026;grid;;4k;rev;E;2;1;1.8;5.555555555555548;3;1.87;1.8761441881570176;;;1.0;15;;;;;;;;;;;;;;;;;;;;;773.0;plain;;;;;
opj-run-05 от 14.09.2026;grid;;4k;rev;E;1;2;1.7;0.0;3;1.87;1.8700792003320474;;;1.8;13;;;;;;;;;;;;;;;;;;;;;437.0;plain;;;;;
opj-run-05 от 14.09.2026;grid;;4k;rev;E;4;1;3.3;3.030303030303033;3;3.73;3.725256534334669;;;1.2;26;;;;;;;;;;;;;;;;;;;;;1443.0;plain;;;;;
opj-run-05 от 14.09.2026;grid;;4k;rev;E;2;2;3.2;3.2258064516129057;3;3.57;3.557081277133375;;;1.8;25;;;;;;;;;;;;;;;;;;;;;773.0;plain;;;;;
opj-run-05 от 14.09.2026;grid;;4k;rev;E;1;4;2.9;0.0;3;3.22;3.2057223363566543;;;3.1;23;;;;;;;;;;;;;;;;;;;;;438.0;plain;;;;;
opj-run-05 от 14.09.2026;grid;;4k;rev;E;8;1;5.9;6.7796610169491425;3;7.02;6.984907509515255;;;1.4;47;;;;;;;;;;;;;;;;;;;;;2766.0;plain;;;;;
opj-run-05 от 14.09.2026;grid;;4k;rev;E;4;2;6.0;7.017543859649113;5;7.18;7.096365678242031;;;1.9;48;;;;;;;;;;;;;;;;;;;;;1443.0;plain;;;;;
opj-run-05 от 14.09.2026;grid;;4k;rev;E;2;4;5.5;0.0;3;6.48;6.4170485453048665;;;3.0;44;;;;;;;;;;;;;;;;;;;;;772.0;plain;;;;;
opj-run-05 от 14.09.2026;grid;;4k;rev;E;16;1;8.5;14.634146341463428;5;11.79;11.492575524409677;;;1.6;71;;;;;;;;;;;;;;;;;;;;;5505.0;plain;;;;;
opj-run-05 от 14.09.2026;grid;;4k;rev;E;8;2;10.6;0.952380952380949;3;14.11;13.649747415291282;;;2.0;84;;;;;;;;;;;;;;;;;;;;;2789.0;plain;;;;;
opj-run-05 от 14.09.2026;grid;;4k;rev;E;4;4;10.4;1.941747572815527;3;13.05;12.790217605048133;;;3.1;83;;;;;;;;;;;;;;;;;;;;;1444.0;plain;;;;;
opj-run-05 от 14.09.2026;grid;;4k;rev;E;32;1;6.6;3.030303030303033;3;12.44;13.123871394770182;;;1.1;64;;;;;;;;;;;;;;;;;;;;;10608.0;plain;;;;;
opj-run-05 от 14.09.2026;grid;;4k;rev;E;16;2;9.9;8.421052631578956;5;17.61;17.269295159563313;;;1.8;79;;;;;;;;;;;;;;;;;;;;;5492.0;plain;;;;;
opj-run-05 от 14.09.2026;grid;;4k;rev;E;8;4;14.4;3.4965034965034962;3;22.65;21.743603102815147;;;3.3;114;;;;;;;;;;;;;;;;;;;;;2831.0;plain;;;;;
opj-run-05 от 14.09.2026;grid;;4k;rev;E;48;1;6.8;5.970149253731335;3;11.25;11.578769336536684;;;1.2;96;;;;;;;;;;;;;;;;;;;;;16120.0;plain;;;;;
opj-run-05 от 14.09.2026;grid;;4k;rev;E;24;2;8.0;2.531645569620244;3;15.4;15.41554754797709;;;1.4;64;;;;;;;;;;;;;;;;;;;;;8040.0;plain;;;;;
opj-run-05 от 14.09.2026;grid;;4k;rev;E;12;4;15.0;2.040816326530617;3;24.84;23.288623394948957;;;3.2;117;;;;;;;;;;;;;;;;;;;;;4172.0;plain;;;;;
opj-run-05 от 14.09.2026;grid;;4k;rev;E;64;1;6.1;6.7796610169491425;3;10.54;10.610482432969796;;;1.1;128;;;;;;;;;;;;;;;;;;;;;21613.0;plain;;;;;
opj-run-05 от 14.09.2026;grid;;4k;rev;E;32;2;6.6;6.153846153846159;3;13.27;13.761532007936957;;;1.3;64;;;;;;;;;;;;;;;;;;;;;10656.0;plain;;;;;
opj-run-05 от 14.09.2026;grid;;4k;rev;E;16;4;11.6;12.962962962962948;5;20.23;19.289738217568537;;;2.3;93;;;;;;;;;;;;;;;;;;;;;5360.0;plain;;;;;
opj-run-05 от 14.09.2026;grid;;4k;rev;D;1;1;1.1;0.0;3;1.0;0.9968895087029491;;;;8;;;;;;;;;;;;;;;;;;;;;128.0;plain;;;;;
opj-run-05 от 14.09.2026;grid;;4k;rev;D;2;1;2.1;4.761904761904765;3;1.89;1.8031152849334127;;;;17;;;;;;;;;;;;;;;;;;;;;244.0;plain;;;;;
opj-run-05 от 14.09.2026;grid;;4k;rev;D;4;1;4.1;7.6923076923077;5;3.86;3.5560103599623236;;;;31;;;;;;;;;;;;;;;;;;;;;475.0;plain;;;;;
opj-run-05 от 14.09.2026;grid;;4k;rev;D;8;1;7.3;1.3698630136986376;3;7.41;6.756222610692572;;;;58;;;;;;;;;;;;;;;;;;;;;935.0;plain;;;;;
opj-run-05 от 14.09.2026;grid;;4k;rev;D;16;1;13.2;4.615384615384613;3;14.92;13.431515158806908;;;;105;;;;;;;;;;;;;;;;;;;;;1857.0;plain;;;;;
opj-run-05 от 14.09.2026;grid;;4k;rev;D;32;1;17.7;5.263157894736834;3;28.71;25.93636383541709;;;;141;;;;;;;;;;;;;;;;;;;;;3708.0;plain;;;;;
opj-run-05 от 14.09.2026;grid;;4k;rev;D;16;2;16.4;3.067484662576687;3;27.6;26.118667996748968;;;;131;;;;;;;;;;;;;;;;;;;;;1862.0;plain;;;;;
opj-run-05 от 14.09.2026;grid;;4k;rev;D;8;4;15.7;4.545454545454552;3;25.37;24.638952190786107;;;;125;;;;;;;;;;;;;;;;;;;;;943.0;plain;;;;;
opj-run-05 от 14.09.2026;grid;;4k;rev;D;48;1;22.2;1.8348623853210944;3;30.15;27.180662905327566;;;;177;;;;;;;;;;;;;;;;;;;;;4324.0;plain;;;;;
opj-run-05 от 14.09.2026;grid;;4k;rev;D;64;1;21.1;9.900990099009901;5;30.35;27.236881272565654;;;;177;;;;;;;;;;;;;;;;;;;;;6130.0;plain;;;;;
opj-run-05 от 14.09.2026;energy;;2k;irrev;E;32;1;77.1;;;0.019299847812920164;;28.45;169.62;1.4;460;;;;;;1271.42004000069;188.91828231799187;228.76;6.730000000003201;135;;;;;;;587;10.34;OpenJPEG-2.5.4;;2698.0;plain;no;7.286326885223389;0.140625;1n;C:\Program Files\AMD\AMDuProf\bin\AMDuProfCLI.exe timechart --event power --interval 50 -o d:\_Test\opj-run_20260914_163753\uprof\energy_2k_irrev_E_1n D:\_Test\opj\builds\plain\opj_bench.exe -i D:\_Test\fvSDK-0.23.1.0-Win64-CUDA-13.3-Trial-Exp-2027-08-03\bin\x64\Release\2k_wild.ppm -a irrev -c 32 -l 6 -repeat 460 -thread 32 -q 10.3403
opj-run-05 от 14.09.2026;energy;;2k;irrev;E;32;1;81.8;;;0.006102256143840427;;29.72;334.17;1.4;920;;;;;;2340.688444999838;189.79067907241392;223.27;12.33299999999872;246;;;;;;;587;10.34;OpenJPEG-2.5.4;;2698.0;plain;no;12.802641868591309;0.078125;2n;C:\Program Files\AMD\AMDuProf\bin\AMDuProfCLI.exe timechart --event power --interval 50 -o d:\_Test\opj-run_20260914_163753\uprof\energy_2k_irrev_E_2n D:\_Test\opj\builds\plain\opj_bench.exe -i D:\_Test\fvSDK-0.23.1.0-Win64-CUDA-13.3-Trial-Exp-2027-08-03\bin\x64\Release\2k_wild.ppm -a irrev -c 32 -l 6 -repeat 920 -thread 32 -q 10.3403
opj-run-05 от 14.09.2026;energy_result;;2k;irrev;E;32;1;76.8;;;;;;;;;460;920;2.324496532606843;2.069803641302699;20.91;;;;;;;;;;;;;;;;;plain;;;;;
opj-run-05 от 14.09.2026;energy;;2k;irrev;D;48;1;147.4;;;0.016605473726671583;;31.14;189.11;;895;;;;;;1064.3863650002181;174.74739205387573;213.15;6.091000000000349;120;;;;;;;;;OpenJPEG-2.5.4;;1217.0;plain;no;6.586683511734009;0.109375;1n;C:\Program Files\AMD\AMDuProf\bin\AMDuProfCLI.exe timechart --event power --interval 50 -o d:\_Test\opj-run_20260914_163753\uprof\energy_2k_irrev_D_1n D:\_Test\opj\builds\plain\opj_bench.exe -decode -i C:\Users\Admin\AppData\Local\Temp\opj-refs-a_816ldf\opj_ref_2k_irrev.jp2 -repeat 895 -thread 48
opj-run-05 от 14.09.2026;energy;;2k;irrev;D;48;1;150.3;;;0.012489328680860204;;31.44;374.61;;1790;;;;;;2074.587769999071;176.48556103781652;212.91;11.75499999999738;235;;;;;;;;;OpenJPEG-2.5.4;;1058.0;plain;no;12.510680437088013;0.15625;2n;C:\Program Files\AMD\AMDuProf\bin\AMDuProfCLI.exe timechart --event power --interval 50 -o d:\_Test\opj-run_20260914_163753\uprof\energy_2k_irrev_D_2n D:\_Test\opj\builds\plain\opj_bench.exe -decode -i C:\Users\Admin\AppData\Local\Temp\opj-refs-a_816ldf\opj_ref_2k_irrev.jp2 -repeat 1790 -thread 48
opj-run-05 от 14.09.2026;energy_result;;2k;irrev;D;48;1;149.3;;;;;;;;;895;1790;1.1287166536300033;0.9963878938535363;20.91;;;;;;;;;;;;;;;;;plain;;;;;
opj-run-05 от 14.09.2026;energy;;2k;rev;E;32;1;59.9;;;0.008040395084275483;;27.87;176.34;1.2;379;;;;;;1312.1590099998791;181.46300788271628;224.09;7.230999999999767;142;;;;;;;2896;2.1;OpenJPEG-2.5.4;;2787.0;plain;no;7.773249864578247;0.0625;1n;C:\Program Files\AMD\AMDuProf\bin\AMDuProfCLI.exe timechart --event power --interval 50 -o d:\_Test\opj-run_20260914_163753\uprof\energy_2k_rev_E_1n D:\_Test\opj\builds\plain\opj_bench.exe -i D:\_Test\fvSDK-0.23.1.0-Win64-CUDA-13.3-Trial-Exp-2027-08-03\bin\x64\Release\2k_wild.ppm -a rev -c 32 -l 6 -repeat 379 -thread 32
opj-run-05 от 14.09.2026;energy;;2k;rev;E;32;1;65.2;;;0.010652914550792477;;29.38;341.56;1.1;758;;;;;;2358.193894999997;187.12854269154354;221.46;12.602000000006228;252;;;;;;;2896;2.1;OpenJPEG-2.5.4;;2793.0;plain;no;13.200612783432007;0.140625;2n;C:\Program Files\AMD\AMDuProf\bin\AMDuProfCLI.exe timechart --event power --interval 50 -o d:\_Test\opj-run_20260914_163753\uprof\energy_2k_rev_E_2n D:\_Test\opj\builds\plain\opj_bench.exe -i D:\_Test\fvSDK-0.23.1.0-Win64-CUDA-13.3-Trial-Exp-2027-08-03\bin\x64\Release\2k_wild.ppm -a rev -c 32 -l 6 -repeat 758 -thread 32
opj-run-05 от 14.09.2026;energy_result;;2k;rev;E;32;1;63.3;;;;;;;;;379;758;2.7599865039580953;2.463660356200483;20.91;;;;;;;;;;;;;;;;;plain;;;;;
opj-run-05 от 14.09.2026;energy;;2k;rev;D;48;1;80.1;;;0.021041916338989674;;31.07;186.09;;480;;;;;;1180.6347799991909;193.13508588249027;219.92;6.112999999997555;123;;;;;;;;;OpenJPEG-2.5.4;;1294.0;plain;no;6.683089017868042;0.140625;1n;C:\Program Files\AMD\AMDuProf\bin\AMDuProfCLI.exe timechart --event power --interval 50 -o d:\_Test\opj-run_20260914_163753\uprof\energy_2k_rev_D_1n D:\_Test\opj\builds\plain\opj_bench.exe -decode -i C:\Users\Admin\AppData\Local\Temp\opj-refs-a_816ldf\opj_ref_2k_rev.jp2 -repeat 480 -thread 48
opj-run-05 от 14.09.2026;energy;;2k;rev;D;48;1;81.1;;;0.013717594548126913;;31.57;373.66;;960;;;;;;2329.4600800004423;195.27706262048073;216.97;11.929000000003725;239;;;;;;;;;OpenJPEG-2.5.4;;1283.0;plain;no;12.529529094696045;0.171875;2n;C:\Program Files\AMD\AMDuProf\bin\AMDuProfCLI.exe timechart --event power --interval 50 -o d:\_Test\opj-run_20260914_163753\uprof\energy_2k_rev_D_2n D:\_Test\opj\builds\plain\opj_bench.exe -decode -i C:\Users\Admin\AppData\Local\Temp\opj-refs-a_816ldf\opj_ref_2k_rev.jp2 -repeat 960 -thread 48
opj-run-05 от 14.09.2026;energy_result;;2k;rev;D;48;1;80.1;;;;;;;;;480;960;2.393386041669274;2.140026541669005;20.91;;;;;;;;;;;;;;;;;plain;;;;;
opj-run-05 от 14.09.2026;energy;;4k;irrev;E;8;4;14.2;;;0.006243462057633702;;17.2;105.47;3.2;87;;;;;;1103.1928299990577;156.99342962856235;218.16;7.026999999994587;139;;;;;;;1245;19.51;OpenJPEG-2.5.4;;2745.0;plain;no;7.507853746414185;0.046875;1n;C:\Program Files\AMD\AMDuProf\bin\AMDuProfCLI.exe timechart --event power --interval 50 -o d:\_Test\opj-run_20260914_163753\uprof\energy_4k_irrev_E_1n D:\_Test\opj\builds\plain\opj_bench.exe -i D:\_Test\fvSDK-0.23.1.0-Win64-CUDA-13.3-Trial-Exp-2027-08-03\bin\x64\Release\4k_wild.ppm -a irrev -c 32 -l 6 -repeat 87 -thread 8 -q 19.5105 -opjthreads 4
opj-run-05 от 14.09.2026;energy;;4k;irrev;E;8;4;15.1;;;0.014533900745961283;;17.87;206.48;3.3;174;;;;;;2028.5784649999484;164.17760318873314;220.68;12.355999999999767;246;;;;;;;1245;19.51;OpenJPEG-2.5.4;;2796.0;plain;no;12.900872468948364;0.1875;2n;C:\Program Files\AMD\AMDuProf\bin\AMDuProfCLI.exe timechart --event power --interval 50 -o d:\_Test\opj-run_20260914_163753\uprof\energy_4k_irrev_E_2n D:\_Test\opj\builds\plain\opj_bench.exe -i D:\_Test\fvSDK-0.23.1.0-Win64-CUDA-13.3-Trial-Exp-2027-08-03\bin\x64\Release\4k_wild.ppm -a irrev -c 32 -l 6 -repeat 174 -thread 8 -q 19.5105 -opjthreads 4
opj-run-05 от 14.09.2026;energy_result;;4k;irrev;E;8;4;14.5;;;;;;;;;87;174;10.636616494263112;9.355818908054971;20.91;;;;;;;;;;;;;;;;;plain;;;;;
opj-run-05 от 14.09.2026;energy;;4k;irrev;D;48;1;30.6;;;0.021388593388415846;;29.95;178.86;;183;;;;;;909.7898050005252;151.35415155542097;223.58;6.011000000005879;119;;;;;;;;;OpenJPEG-2.5.4;;4950.0;plain;no;6.574766159057617;0.140625;1n;C:\Program Files\AMD\AMDuProf\bin\AMDuProfCLI.exe timechart --event power --interval 50 -o d:\_Test\opj-run_20260914_163753\uprof\energy_4k_irrev_D_1n D:\_Test\opj\builds\plain\opj_bench.exe -decode -i C:\Users\Admin\AppData\Local\Temp\opj-refs-a_816ldf\opj_ref_4k_irrev.jp2 -repeat 183 -thread 48
opj-run-05 от 14.09.2026;energy;;4k;irrev;D;48;1;31.2;;;0.020184738667774062;;30.74;360.45;;366;;;;;;1822.7812399994727;153.87314198884198;218.69;11.84599999999773;234;;;;;;;;;OpenJPEG-2.5.4;;5162.0;plain;no;12.385595083236694;0.25;2n;C:\Program Files\AMD\AMDuProf\bin\AMDuProfCLI.exe timechart --event power --interval 50 -o d:\_Test\opj-run_20260914_163753\uprof\energy_4k_irrev_D_2n D:\_Test\opj\builds\plain\opj_bench.exe -decode -i C:\Users\Admin\AppData\Local\Temp\opj-refs-a_816ldf\opj_ref_4k_irrev.jp2 -repeat 366 -thread 48
opj-run-05 от 14.09.2026;energy_result;;4k;irrev;D;48;1;30.5;;;;;;;;;183;366;4.9890242349669265;4.3223037431645785;20.91;;;;;;;;;;;;;;;;;plain;;;;;
opj-run-05 от 14.09.2026;energy;;4k;rev;E;12;4;13.4;;;0.012607577897658793;;22.89;154.03;2.8;90;;;;;;1352.1467399997487;166.541044463598;221.01;8.118999999998778;162;;;;;;;8754;2.78;OpenJPEG-2.5.4;;4038.0;plain;no;8.67533802986145;0.109375;1n;C:\Program Files\AMD\AMDuProf\bin\AMDuProfCLI.exe timechart --event power --interval 50 -o d:\_Test\opj-run_20260914_163753\uprof\energy_4k_rev_E_1n D:\_Test\opj\builds\plain\opj_bench.exe -i D:\_Test\fvSDK-0.23.1.0-Win64-CUDA-13.3-Trial-Exp-2027-08-03\bin\x64\Release\4k_wild.ppm -a rev -c 32 -l 6 -repeat 90 -thread 12 -opjthreads 4
opj-run-05 от 14.09.2026;energy;;4k;rev;E;12;4;14.4;;;0.008671953751873598;;23.77;296.83;2.9;180;;;;;;2382.56680999965;171.9023672438348;220.23;13.860000000000582;276;;;;;;;8754;2.78;OpenJPEG-2.5.4;;4393.0;plain;no;14.414283514022827;0.125;2n;C:\Program Files\AMD\AMDuProf\bin\AMDuProfCLI.exe timechart --event power --interval 50 -o d:\_Test\opj-run_20260914_163753\uprof\energy_4k_rev_E_2n D:\_Test\opj\builds\plain\opj_bench.exe -i D:\_Test\fvSDK-0.23.1.0-Win64-CUDA-13.3-Trial-Exp-2027-08-03\bin\x64\Release\4k_wild.ppm -a rev -c 32 -l 6 -repeat 180 -thread 12 -opjthreads 4
opj-run-05 от 14.09.2026;energy_result;;4k;rev;E;12;4;15.0;;;;;;;;;90;180;11.449111888887794;10.115286222220709;20.91;;;;;;;;;;;;;;;;;plain;;;;;
opj-run-05 от 14.09.2026;energy;;4k;rev;D;48;1;21.1;;;0.010298069203163325;;29.36;184.91;;133;;;;;;1234.7945949994491;175.84656721730852;222.35;7.021999999997206;140;;;;;;;;;OpenJPEG-2.5.4;;4561.0;plain;no;7.586373567581177;0.078125;1n;C:\Program Files\AMD\AMDuProf\bin\AMDuProfCLI.exe timechart --event power --interval 50 -o d:\_Test\opj-run_20260914_163753\uprof\energy_4k_rev_D_1n D:\_Test\opj\builds\plain\opj_bench.exe -decode -i C:\Users\Admin\AppData\Local\Temp\opj-refs-a_816ldf\opj_ref_4k_rev.jp2 -repeat 133 -thread 48
opj-run-05 от 14.09.2026;energy;;4k;rev;D;48;1;23.0;;;0.010970854315772981;;30.79;355.55;;266;;;;;;2292.126315000477;186.51853812349853;218.73;12.289000000004307;245;;;;;;;;;OpenJPEG-2.5.4;;4402.0;plain;no;12.818053722381592;0.140625;2n;C:\Program Files\AMD\AMDuProf\bin\AMDuProfCLI.exe timechart --event power --interval 50 -o d:\_Test\opj-run_20260914_163753\uprof\energy_4k_rev_D_2n D:\_Test\opj\builds\plain\opj_bench.exe -decode -i C:\Users\Admin\AppData\Local\Temp\opj-refs-a_816ldf\opj_ref_4k_rev.jp2 -repeat 266 -thread 48
opj-run-05 от 14.09.2026;energy_result;;4k;rev;D;48;1;22.2;;;;;;;;;133;266;7.949862556398705;7.121795112788567;20.91;;;;;;;;;;;;;;;;;plain;;;;;
opj-run-05 от 14.09.2026;curve;threads;;;;1;1;3.9;;;1.0036937191275161;;;;1.1;;;;;;;;;;;;;;;;;;;;;;;plain;;;;;
opj-run-05 от 14.09.2026;curve;threads;;;;2;1;7.6;;;1.9344350869877707;;;;1.1;;;;;;;;;;;;;;;;;;;;;;;plain;;;;;
opj-run-05 от 14.09.2026;curve;threads;;;;4;1;15.3;;;3.911804339166498;;;;1.2;;;;;;;;;;;;;;;;;;;;;;;plain;;;;;
opj-run-05 от 14.09.2026;curve;threads;;;;8;1;29.0;;;7.52221235938886;;;;1.3;;;;;;;;;;;;;;;;;;;;;;;plain;;;;;
opj-run-05 от 14.09.2026;curve;threads;;;;12;1;43.4;;;11.295318681836287;;;;1.3;;;;;;;;;;;;;;;;;;;;;;;plain;;;;;
opj-run-05 от 14.09.2026;curve;threads;;;;16;1;55.6;;;14.985326973354526;;;;1.3;;;;;;;;;;;;;;;;;;;;;;;plain;;;;;
opj-run-05 от 14.09.2026;curve;threads;;;;20;1;62.8;;;18.74402223463247;;;;1.4;;;;;;;;;;;;;;;;;;;;;;;plain;;;;;
opj-run-05 от 14.09.2026;curve;threads;;;;24;1;68.4;;;21.793190050809063;;;;1.3;;;;;;;;;;;;;;;;;;;;;;;plain;;;;;
opj-run-05 от 14.09.2026;curve;threads;;;;32;1;75.0;;;26.580842274731467;;;;1.5;;;;;;;;;;;;;;;;;;;;;;;plain;;;;;
opj-run-05 от 14.09.2026;curve;threads;;;;40;1;77.3;;;27.25019961322196;;;;1.6;;;;;;;;;;;;;;;;;;;;;;;plain;;;;;
opj-run-05 от 14.09.2026;curve;threads;;;;48;1;76.7;;;26.556685884958924;;;;1.4;;;;;;;;;;;;;;;;;;;;;;;plain;;;;;
opj-run-05 от 14.09.2026;curve;threads;;;;64;1;71.2;;;24.76184494495101;;;;1.4;;;;;;;;;;;;;;;;;;;;;;;plain;;;;;
opj-run-05 от 14.09.2026;curve;pool;;;;1;1;3.9;;;0.9966167766558888;;;;1.1;;;;;;;;;;;;;;;;;;;;;;;plain;;;;;
opj-run-05 от 14.09.2026;curve;pool;;;;1;2;6.7;;;1.7977655028237594;;;;1.9;;;;;;;;;;;;;;;;;;;;;;;plain;;;;;
opj-run-05 от 14.09.2026;curve;pool;;;;1;4;10.6;;;2.9332239054381932;;;;3.1;;;;;;;;;;;;;;;;;;;;;;;plain;;;;;
opj-run-05 от 14.09.2026;curve;pool;;;;1;8;15.9;;;4.362727794439457;;;;4.5;;;;;;;;;;;;;;;;;;;;;;;plain;;;;;
opj-run-05 от 14.09.2026;curve;pool;;;;1;16;21.1;;;6.18799735214117;;;;5.8;;;;;;;;;;;;;;;;;;;;;;;plain;;;;;
opj-run-05 от 14.09.2026;curve;pool;;;;1;32;23.0;;;8.089438683604241;;;;6.5;;;;;;;;;;;;;;;;;;;;;;;plain;;;;;
opj-run-05 от 14.09.2026;curve;combo;;;;2;2;12.4;;;3.3786859805861242;;;;1.9;;;;;;;;;;;;;;;;;;;;;;;plain;;;;;
opj-run-05 от 14.09.2026;curve;combo;;;;4;2;25.7;;;7.163416508750696;;;;1.9;;;;;;;;;;;;;;;;;;;;;;;plain;;;;;
opj-run-05 от 14.09.2026;curve;combo;;;;8;2;46.2;;;14.22571145013968;;;;2.1;;;;;;;;;;;;;;;;;;;;;;;plain;;;;;
opj-run-05 от 14.09.2026;curve;combo;;;;16;2;61.8;;;24.753083972478574;;;;2.1;;;;;;;;;;;;;;;;;;;;;;;plain;;;;;
opj-run-05 от 14.09.2026;curve;combo;;;;4;4;42.8;;;12.431667330063819;;;;3.2;;;;;;;;;;;;;;;;;;;;;;;plain;;;;;
opj-run-05 от 14.09.2026;curve;combo;;;;8;4;63.4;;;22.676215841829364;;;;3.3;;;;;;;;;;;;;;;;;;;;;;;plain;;;;;
opj-run-05 от 14.09.2026;curve;combo;;;;16;4;72.1;;;28.444733630321064;;;;3.2;;;;;;;;;;;;;;;;;;;;;;;plain;;;;;
opj-run-05 от 14.09.2026;curve;combo;;;;8;8;72.7;;;27.520659598767114;;;;4.8;;;;;;;;;;;;;;;;;;;;;;;plain;;;;;
opj-run-05 от 14.09.2026;mem4k;;4k;irrev;E;1;32;5.9;1.7241379310344922;3;6.1;;;;;47;;;;;;;;;;;;;;;;;;;;;441.0;plain;;;;;
opj-run-05 от 14.09.2026;mem4k;;4k;irrev;E;2;16;10.0;0.0;3;9.97;;;;;80;;;;;;;;;;;;;;;;;;;;;787.0;plain;;;;;
opj-run-05 от 14.09.2026;mem4k;;4k;irrev;E;4;8;13.3;6.060606060606066;3;14.04;;;;;112;;;;;;;;;;;;;;;;;;;;;1470.0;plain;;;;;
opj-run-05 от 14.09.2026;mem4k;;4k;irrev;E;8;4;13.9;6.766917293233071;3;16.83;;;;;111;;;;;;;;;;;;;;;;;;;;;2790.0;plain;;;;;
opj-run-05 от 14.09.2026;mem4k;;4k;irrev;E;16;2;10.0;12.631578947368412;5;15.05;;;;;78;;;;;;;;;;;;;;;;;;;;;5313.0;plain;;;;;
opj-run-05 от 14.09.2026;mem4k;;4k;irrev;E;32;1;7.1;0.0;3;12.14;;;;;64;;;;;;;;;;;;;;;;;;;;;10296.0;plain;;;;;
opj-run-05 от 14.09.2026;mem4k;;4k;irrev;E;8;1;8.6;3.4883720930232642;3;7.38;;;;;71;;;;;;;;;;;;;;;;;;;;;2696.0;plain;;;;;
opj-run-05 от 14.09.2026;mem4k;;4k;irrev;E;8;2;12.9;3.90625;3;13.11;;;;;103;;;;;;;;;;;;;;;;;;;;;2711.0;plain;;;;;
opj-run-05 от 14.09.2026;mem4k;;4k;irrev;E;8;8;14.1;5.925925925925931;3;18.49;;;;;108;;;;;;;;;;;;;;;;;;;;;2868.0;plain;;;;;
opj-run-05 от 14.09.2026;mem4k;;4k;irrev;E;16;4;10.0;6.2499999999999964;3;15.29;;;;;76;;;;;;;;;;;;;;;;;;;;;5256.0;plain;;;;;
opj-run-05 от 14.09.2026;mem4k;;4k;irrev;E;32;4;6.8;4.5454545454545565;3;12.32;;;;;64;;;;;;;;;;;;;;;;;;;;;10222.0;plain;;;;;
opj-run-05 от 14.09.2026;buildcheck;avx2;2k;irrev;;;;;;;3.7999805078085966;;;;;;;;;;;;;;;;10.3403;601599;601703;-0.0173;;;;;OpenJPEG-2.5.4;40.56;112.0;avx2;no;1.1595454216003418;4.40625;;D:\_Test\opj\builds\avx2\opj_bench-avx2.exe -i D:\_Test\fvSDK-0.23.1.0-Win64-CUDA-13.3-Trial-Exp-2027-08-03\bin\x64\Release\2k_wild.ppm -a irrev -c 32 -l 6 -verify -info -opjthreads 8 -targetsize 601703 -tol 0.0003
opj-run-05 от 14.09.2026;buildcheck;avx2;2k;rev;;;;;;;1.6066044298975015;;;;;;;;;;;;;;;;;;;;True;;;;OpenJPEG-2.5.4;;116.0;avx2;no;0.35984277725219727;0.578125;;D:\_Test\opj\builds\avx2\opj_bench-avx2.exe -i D:\_Test\fvSDK-0.23.1.0-Win64-CUDA-13.3-Trial-Exp-2027-08-03\bin\x64\Release\2k_wild.ppm -a rev -c 32 -l 6 -verify -info -opjthreads 8
opj-run-05 от 14.09.2026;buildcheck;avx2;4k;irrev;;;;;;;3.4623353192368236;;;;;;;;;;;;;;;;19.5105;1275289;1275547;-0.0202;;;;;OpenJPEG-2.5.4;42.24;420.0;avx2;no;3.1860721111297607;11.03125;;D:\_Test\opj\builds\avx2\opj_bench-avx2.exe -i D:\_Test\fvSDK-0.23.1.0-Win64-CUDA-13.3-Trial-Exp-2027-08-03\bin\x64\Release\4k_wild.ppm -a irrev -c 32 -l 6 -verify -info -opjthreads 8 -targetsize 1275547 -tol 0.0003
opj-run-05 от 14.09.2026;buildcheck;avx2;4k;rev;;;;;;;1.763352359669644;;;;;;;;;;;;;;;;;;;;True;;;;OpenJPEG-2.5.4;;436.0;avx2;no;1.1607861518859863;2.046875;;D:\_Test\opj\builds\avx2\opj_bench-avx2.exe -i D:\_Test\fvSDK-0.23.1.0-Win64-CUDA-13.3-Trial-Exp-2027-08-03\bin\x64\Release\4k_wild.ppm -a rev -c 32 -l 6 -verify -info -opjthreads 8
opj-run-05 от 14.09.2026;build;plain;2k;irrev;D;48;1;148.4;0.47265361242404935;3;31.26;;;;;1190;;;;;;;;;;;;;;;;;;;;;1197.0;plain;;;;;
opj-run-05 от 14.09.2026;build;avx2;2k;irrev;D;48;1;148.7;0.26954177897574505;3;31.28;;;;;1190;;;;;;;;;;;;;;;;;;;;;1147.0;avx2;;;;;
opj-run-05 от 14.09.2026;build;avx2;2k;irrev;E;32;1;77.1;15.418502202643172;5;28.81;;;;;616;;;;;;;;;;;;;;;;;;;;;2695.0;avx2;;;;;
opj-run-05 от 14.09.2026;build;plain;2k;irrev;E;32;1;76.8;13.788098693759071;5;28.4;;;;;627;;;;;;;;;;;;;;;;;;;;;2701.0;plain;;;;;
opj-run-05 от 14.09.2026;build;plain;2k;rev;D;48;1;80.8;0.49689440993789524;3;31.3;;;;;644;;;;;;;;;;;;;;;;;;;;;1261.0;plain;;;;;
opj-run-05 от 14.09.2026;build;avx2;2k;rev;D;48;1;83.6;0.6002400960384154;3;31.37;;;;;668;;;;;;;;;;;;;;;;;;;;;1283.0;avx2;;;;;
opj-run-05 от 14.09.2026;build;avx2;2k;rev;E;32;1;62.8;18.761726078799253;5;28.76;;;;;502;;;;;;;;;;;;;;;;;;;;;2777.0;avx2;;;;;
opj-run-05 от 14.09.2026;build;plain;2k;rev;E;32;1;62.2;10.122164048865628;5;28.43;;;;;504;;;;;;;;;;;;;;;;;;;;;2778.0;plain;;;;;
opj-run-05 от 14.09.2026;build;plain;4k;irrev;D;48;1;30.9;3.6666666666666714;3;30.45;;;;;247;;;;;;;;;;;;;;;;;;;;;4961.0;plain;;;;;
opj-run-05 от 14.09.2026;build;avx2;4k;irrev;D;48;1;30.8;1.9801980198019733;3;30.6;;;;;246;;;;;;;;;;;;;;;;;;;;;5160.0;avx2;;;;;
opj-run-05 от 14.09.2026;build;avx2;4k;irrev;E;8;4;14.7;26.82926829268292;5;17.96;;;;;120;;;;;;;;;;;;;;;;;;;;;2745.0;avx2;;;;;
opj-run-05 от 14.09.2026;build;plain;4k;irrev;E;8;4;14.2;13.740458015267182;5;17.35;;;;;116;;;;;;;;;;;;;;;;;;;;;2756.0;plain;;;;;
opj-run-05 от 14.09.2026;build;plain;4k;rev;D;48;1;21.4;0.9389671361502313;3;29.89;;;;;171;;;;;;;;;;;;;;;;;;;;;4628.0;plain;;;;;
opj-run-05 от 14.09.2026;build;avx2;4k;rev;D;48;1;23.0;1.7543859649122744;3;30.23;;;;;185;;;;;;;;;;;;;;;;;;;;;4564.0;avx2;;;;;
opj-run-05 от 14.09.2026;build;avx2;4k;rev;E;12;4;13.2;35.23809523809523;5;22.34;;;;;103;;;;;;;;;;;;;;;;;;;;;4177.0;avx2;;;;;
opj-run-05 от 14.09.2026;build;plain;4k;rev;E;12;4;14.5;32.14285714285715;5;24.17;;;;;116;;;;;;;;;;;;;;;;;;;;;4108.0;plain;;;;;
opj-run-05 от 14.09.2026;ref;end;2k;irrev;E;32;1;76.6;22.0030349013657;5;28.38;;;;;;;;;;;;;;;;;;;;;;;;;;;plain;;;;;
